temperature,liquid_correction,gas_coefficient
15.0,0.0000,0.002449
15.1,0.0001,0.002448
15.2,0.0002,0.002447
15.3,0.0003,0.002446
15.4,0.0004,0.002445
15.5,0.0005,0.002444
15.6,0.0007,0.002443
15.7,0.0008,0.002442
15.8,0.0009,0.002441
15.9,0.0010,0.002440
16.0,0.0011,0.002439
16.1,0.0012,0.002438
16.2,0.0013,0.002437
16.3,0.0015,0.002436
16.4,0.0016,0.002435
16.5,0.0017,0.002434
16.6,0.0018,0.002433
16.7,0.0019,0.002432
16.8,0.0021,0.002431
16.9,0.0022,0.002430
17.0,0.0023,0.002429
17.1,0.0024,0.002428
17.2,0.0025,0.002427
17.3,0.0026,0.002426
17.4,0.0027,0.002425
17.5,0.0028,0.002424
17.6,0.0030,0.002423
17.7,0.0031,0.002422
17.8,0.0032,0.002421
17.9,0.0033,0.002420
18.0,0.0034,0.002419
18.1,0.0035,0.002418
18.2,0.0036,0.002417
18.3,0.0038,0.002416
18.4,0.0039,0.002415
18.5,0.0040,0.002413
18.6,0.0041,0.002412
18.7,0.0042,0.002411
18.8,0.0043,0.002410
18.9,0.0044,0.002409
19.0,0.0045,0.002408
19.1,0.0047,0.002407
19.2,0.0048,0.002406
19.3,0.0050,0.002405
19.4,0.0051,0.002404
19.5,0.0052,0.002403
19.6,0.0053,0.002403
19.7,0.0054,0.002402
19.8,0.0056,0.002401
19.9,0.0057,0.002400
20.0,0.0058,0.002399
20.1,0.0059,0.002398
20.2,0.0060,0.002397
20.3,0.0061,0.002396
20.4,0.0062,0.002395
20.5,0.0063,0.002394
20.6,0.0065,0.002393
20.7,0.0066,0.002392
20.8,0.0067,0.002391
20.9,0.0068,0.002390
21.0,0.0069,0.002389
21.1,0.0070,0.002388
21.2,0.0071,0.002387
21.3,0.0073,0.002386
21.4,0.0074,0.002385
21.5,0.0075,0.002384
21.6,0.0076,0.002383
21.7,0.0077,0.002382
21.8,0.0078,0.002381
21.9,0.0079,0.002380
22.0,0.0081,0.002379
22.1,0.0082,0.002378
22.2,0.0083,0.002377
22.3,0.0084,0.002376
22.4,0.0085,0.002375
22.5,0.0086,0.002374
22.6,0.0087,0.002373
22.7,0.0088,0.002372
22.8,0.0089,0.002371
22.9,0.0090,0.002370
23.0,0.0092,0.002369
23.1,0.0093,0.002368
23.2,0.0094,0.002367
23.3,0.0096,0.002366
23.4,0.0097,0.002365
23.5,0.0098,0.002364
23.6,0.0099,0.002363
23.7,0.0100,0.002362
23.8,0.0101,0.002361
23.9,0.0103,0.002360
24.0,0.0104,0.002359
24.1,0.0105,0.002358
24.2,0.0106,0.002357
24.3,0.0107,0.002356
24.4,0.0108,0.002356
24.5,0.0110,0.002355
24.6,0.0111,0.002354
24.7,0.0112,0.002353
24.8,0.0114,0.002352
24.9,0.0115,0.002352
25.0,0.0116,0.002351
25.1,0.0117,0.002350
25.2,0.0118,0.002349
25.3,0.0119,0.002348
25.4,0.0120,0.002347
25.5,0.0121,0.002346
25.6,0.0123,0.002345
25.7,0.0123,0.002344
25.8,0.0125,0.002343
25.9,0.0126,0.002342
26.0,0.0127,0.002341
26.1,0.0128,0.002340
26.2,0.0129,0.002339
26.3,0.0131,0.002338
26.4,0.0132,0.002337
26.5,0.0133,0.002336
26.6,0.0134,0.002335
26.7,0.0135,0.002334
26.8,0.0137,0.002333
26.9,0.0138,0.002332
27.0,0.0139,0.002331
27.1,0.0140,0.002330
27.2,0.0141,0.002329
27.3,0.0142,0.002328
27.4,0.0143,0.002327
27.5,0.0144,0.002326
27.6,0.0146,0.002325
27.7,0.0147,0.002324
27.8,0.0148,0.002323
27.9,0.0149,0.002322
28.0,0.0150,0.002321
28.1,0.0151,0.002320
28.2,0.0152,0.002319
28.3,0.0154,0.002318
28.4,0.0155,0.002317
28.5,0.0156,0.002316
28.6,0.0157,0.002315
28.7,0.0158,0.002314
28.8,0.0160,0.002313
28.9,0.0161,0.002312
29.0,0.0162,0.002311
29.1,0.0163,0.002310
29.2,0.0164,0.002309
29.3,0.0165,0.002308
29.4,0.0167,0.002307
29.5,0.0168,0.002307
29.6,0.0169,0.002306
29.7,0.0170,0.002305
29.8,0.0172,0.002304
29.9,0.0173,0.002303
30.0,0.0174,0.002303
30.1,0.0175,0.002302
30.2,0.0176,0.002301
30.3,0.0177,0.002301
30.4,0.0178,0.002300
30.5,0.0179,0.002299
30.6,0.0181,0.002298
30.7,0.0181,0.002298
30.8,0.0182,0.002296
30.9,0.0183,0.002295
31.0,0.0184,0.002294
31.1,0.0185,0.002293
31.2,0.0186,0.002292
31.3,0.0187,0.002291
31.4,0.0189,0.002290
31.5,0.0190,0.002290
31.6,0.0191,0.002289
31.7,0.0192,0.002288
31.8,0.0194,0.002287
31.9,0.0195,0.002287
32.0,0.0196,0.002286
32.1,0.0197,0.002285
32.2,0.0198,0.002284
32.3,0.0199,0.002283
32.4,0.0201,0.002282
32.5,0.0202,0.002281
32.6,0.0203,0.002280
32.7,0.0204,0.002279
32.8,0.0205,0.002279
32.9,0.0206,0.002278
33.0,0.0207,0.002277
33.1,0.0208,0.002276
33.2,0.0209,0.002275
33.3,0.0210,0.002275
33.4,0.0211,0.002274
33.5,0.0212,0.002273
33.6,0.0214,0.002272
33.7,0.0215,0.002271
33.8,0.0216,0.002271
33.9,0.0217,0.002270
34.0,0.0218,0.002269
34.1,0.0219,0.002268
34.2,0.0221,0.002267
34.3,0.0222,0.002267
34.4,0.0223,0.002266
34.5,0.0224,0.002265
34.6,0.0225,0.002264
34.7,0.0226,0.002263
34.8,0.0228,0.002263
34.9,0.0229,0.002262
35.0,0.0230,0.002261
35.1,0.0231,0.002260
35.2,0.0232,0.002259
35.3,0.0234,0.002259
35.4,0.0235,0.002258
35.5,0.0236,0.002257
35.6,0.0237,0.002256
35.7,0.0238,0.002255
35.8,0.0240,0.002255
35.9,0.0241,0.002254
36.0,0.0242,0.002253
